outcome_group,outcome,outcome_label,specification,omitted_cohort,full_beta,beta,cluster_se,webb_p,delta,pct_change,sign_flip,N,N_clusters,outcome_order,spec_order
Entry,entry_age,Current-job entry age,Binary DiD,1992,-.2393446996624616,-.2127424,.045121569,.00140014,.026602302,11.11464,0,27234,10,1,1
Entry,entry_age,Current-job entry age,Binary DiD,1993,-.2393446996624616,-.24477951,.054755758,.00160016,-.005434812,-2.270705,0,27271,10,1,1
Entry,entry_age,Current-job entry age,Binary DiD,1994,-.2393446996624616,-.25792715,.048078906,.00130013,-.01858245,-7.763886,0,27690,10,1,1
Entry,entry_age,Current-job entry age,Binary DiD,1995,-.2393446996624616,-.24755187,.053650547,.0010001,-.0082071749,-3.429019,0,28055,10,1,1
Entry,entry_age,Current-job entry age,Binary DiD,1996,-.2393446996624616,-.21953914,.042148259,.0010001,.019805564,8.2749128,0,28357,10,1,1
Entry,entry_age,Current-job entry age,Binary DiD,1997,-.2393446996624616,-.26591125,.051843621,.0032003201,-.026566552,-11.099704,0,28880,10,1,1
Entry,entry_age,Current-job entry age,Binary DiD,1998,-.2393446996624616,-.2506524,.058558039,.0039003901,-.011307715,-4.7244477,0,29339,10,1,1
Entry,entry_age,Current-job entry age,Binary DiD,1999,-.2393446996624616,-.20092206,.031518675,.00220022,.03842264,16.053267,0,29836,10,1,1
Entry,entry_age,Current-job entry age,Binary DiD,2000,-.2393446996624616,-.25072119,.047789123,.0035003501,-.011376481,-4.7531786,0,30204,10,1,1
Entry,entry_age,Current-job entry age,Binary DiD,2001,-.2393446996624616,-.23670176,.049555432,.0029002901,.0026429358,1.1042383,0,30761,10,1,1
Entry,entry_age,Current-job entry age,Binary DiD,2002,-.2393446996624616,-.24112278,.049175505,.00250025,-.001778088,-.74289846,0,31113,10,1,1
Entry,entry_age,Current-job entry age,Intensity,1992,-.1333282823448085,-.11637767,.018168392,.00220022,.016950611,12.71344,0,27234,10,1,2
Entry,entry_age,Current-job entry age,Intensity,1993,-.1333282823448085,-.1310109,.025162958,.0033003301,.0023173774,1.7380989,0,27271,10,1,2
Entry,entry_age,Current-job entry age,Intensity,1994,-.1333282823448085,-.13840331,.02248705,.0041004103,-.0050750258,-3.8064134,0,27690,10,1,2
Entry,entry_age,Current-job entry age,Intensity,1995,-.1333282823448085,-.13892856,.019568661,.00080008002,-.0056002866,-4.2003741,0,28055,10,1,2
Entry,entry_age,Current-job entry age,Intensity,1996,-.1333282823448085,-.12927544,.019186128,.0010001,.004052843,3.0397475,0,28357,10,1,2
Entry,entry_age,Current-job entry age,Intensity,1997,-.1333282823448085,-.12662245,.017885866,.00250025,.0067058224,5.0295572,0,28880,10,1,2
Entry,entry_age,Current-job entry age,Intensity,1998,-.1333282823448085,-.13030475,.021044903,.0045004501,.0030235315,2.2677345,0,29339,10,1,2
Entry,entry_age,Current-job entry age,Intensity,1999,-.1333282823448085,-.12677087,.021771153,.00620062,.0065574138,4.9182467,0,29836,10,1,2
Entry,entry_age,Current-job entry age,Intensity,2000,-.1333282823448085,-.14357431,.02178986,.0021002099,-.010246028,-7.6848121,0,30204,10,1,2
Entry,entry_age,Current-job entry age,Intensity,2001,-.1333282823448085,-.13858938,.024297962,.0046004602,-.005261098,-3.9459732,0,30761,10,1,2
Entry,entry_age,Current-job entry age,Intensity,2002,-.1333282823448085,-.139476,.024666533,.0048004799,-.0061477209,-4.6109653,0,31113,10,1,2
Entry,employed,Employed,Binary DiD,1992,-.0322639086369412,-.023932757,.0074701011,.0026002601,.0083311507,25.82189,0,57788,10,2,1
Entry,employed,Employed,Binary DiD,1993,-.0322639086369412,-.030478183,.012456846,.0070007001,.0017857264,5.534749,0,57557,10,2,1
Entry,employed,Employed,Binary DiD,1994,-.0322639086369412,-.03579988,.011369015,.0085008498,-.0035359722,-10.959529,0,57976,10,2,1
Entry,employed,Employed,Binary DiD,1995,-.0322639086369412,-.03631464,.010497283,.00370037,-.0040507303,-12.554989,0,58189,10,2,1
Entry,employed,Employed,Binary DiD,1996,-.0322639086369412,-.034629691,.010925598,.0070007001,-.0023657836,-7.3326006,0,58278,10,2,1
Entry,employed,Employed,Binary DiD,1997,-.0322639086369412,-.034039557,.010348322,.01350135,-.0017756497,-5.5035172,0,58432,10,2,1
Entry,employed,Employed,Binary DiD,1998,-.0322639086369412,-.034000173,.010116765,.0130013,-.0017362632,-5.3814411,0,59223,10,2,1
Entry,employed,Employed,Binary DiD,1999,-.0322639086369412,-.03288386,.010563055,.01340134,-.00061995297,-1.921506,0,60045,10,2,1
Entry,employed,Employed,Binary DiD,2000,-.0322639086369412,-.029625813,.0100247,.017701769,.0026380967,8.1766186,0,60401,10,2,1
Entry,employed,Employed,Binary DiD,2001,-.0322639086369412,-.028294219,.0092476606,.017101711,.0039696894,12.303808,0,61588,10,2,1
Entry,employed,Employed,Binary DiD,2002,-.0322639086369412,-.033691742,.0098955557,.00620062,-.0014278331,-4.4254808,0,62683,10,2,1
Entry,employed,Employed,Intensity,1992,-.0135266333481863,-.010058234,.0030941649,.02480248,.0034683985,25.641254,0,57788,10,2,2
Entry,employed,Employed,Intensity,1993,-.0135266333481863,-.012443879,.0048903553,.04180418,.0010827549,8.0046148,0,57557,10,2,2
Entry,employed,Employed,Intensity,1994,-.0135266333481863,-.014554103,.0045404681,.03520352,-.0010274692,-7.5958972,0,57976,10,2,2
Entry,employed,Employed,Intensity,1995,-.0135266333481863,-.014978832,.0041344366,.0110011,-.0014521978,-10.735841,0,58189,10,2,2
Entry,employed,Employed,Intensity,1996,-.0135266333481863,-.014251322,.0043354565,.02810281,-.00072468858,-5.3574944,0,58278,10,2,2
Entry,employed,Employed,Intensity,1997,-.0135266333481863,-.013577689,.0038758619,.01590159,-.00005105649,-.37745157,0,58432,10,2,2
Entry,employed,Employed,Intensity,1998,-.0135266333481863,-.013456405,.0038150323,.02430243,.000070228118,.51918399,0,59223,10,2,2
Entry,employed,Employed,Intensity,1999,-.0135266333481863,-.014124366,.0040516858,.027702771,-.00059773267,-4.4189315,0,60045,10,2,2
Entry,employed,Employed,Intensity,2000,-.0135266333481863,-.012283601,.0045558717,.04570457,.0012430326,9.1895199,0,60401,10,2,2
Entry,employed,Employed,Intensity,2001,-.0135266333481863,-.012850371,.0042599533,.03430343,.00067626208,4.9994855,0,61588,10,2,2
Entry,employed,Employed,Intensity,2002,-.0135266333481863,-.015371928,.0036907771,.01910191,-.0018452951,-13.641939,0,62683,10,2,2
QoE,qoe_deprivation_score50,QoE deprivation score,Binary DiD,1992,-.0369160587913664,-.035429657,.0099691963,.00430043,.0014864038,4.0264421,0,26736,10,3,1
QoE,qoe_deprivation_score50,QoE deprivation score,Binary DiD,1993,-.0369160587913664,-.038258843,.009358108,.0030003001,-.0013427854,-3.6374021,0,26766,10,3,1
QoE,qoe_deprivation_score50,QoE deprivation score,Binary DiD,1994,-.0369160587913664,-.033120226,.0090196747,.0057005701,.0037958329,10.282335,0,27175,10,3,1
QoE,qoe_deprivation_score50,QoE deprivation score,Binary DiD,1995,-.0369160587913664,-.0379063,.0095330235,.0027002699,-.00099024293,-2.6824179,0,27560,10,3,1
QoE,qoe_deprivation_score50,QoE deprivation score,Binary DiD,1996,-.0369160587913664,-.036584046,.0098522482,.00310031,.0003320128,.89937228,0,27859,10,3,1
QoE,qoe_deprivation_score50,QoE deprivation score,Binary DiD,1997,-.0369160587913664,-.039431851,.01231568,.00110011,-.0025157928,-6.8149014,0,28380,10,3,1
QoE,qoe_deprivation_score50,QoE deprivation score,Binary DiD,1998,-.0369160587913664,-.044501558,.0093427058,.00130013,-.0075854976,-20.547962,0,28822,10,3,1
QoE,qoe_deprivation_score50,QoE deprivation score,Binary DiD,1999,-.0369160587913664,-.031685781,.0081054168,.00050005002,.0052302773,14.168027,0,29313,10,3,1
QoE,qoe_deprivation_score50,QoE deprivation score,Binary DiD,2000,-.0369160587913664,-.039373908,.011515548,.00370037,-.0024578511,-6.6579452,0,29695,10,3,1
QoE,qoe_deprivation_score50,QoE deprivation score,Binary DiD,2001,-.0369160587913664,-.035536807,.010442936,.00280028,.0013792524,3.7361856,0,30234,10,3,1
QoE,qoe_deprivation_score50,QoE deprivation score,Binary DiD,2002,-.0369160587913664,-.03471389,.0097002853,.00250025,.0022021667,5.9653354,0,30570,10,3,1
QoE,qoe_deprivation_score50,QoE deprivation score,Intensity,1992,-.0155894892348563,-.015156211,.0054385224,.01160116,.0004332778,2.7792945,0,26736,10,3,2
QoE,qoe_deprivation_score50,QoE deprivation score,Intensity,1993,-.0155894892348563,-.016021427,.0053622038,.0090009002,-.00043193795,-2.7706997,0,26766,10,3,2
QoE,qoe_deprivation_score50,QoE deprivation score,Intensity,1994,-.0155894892348563,-.014043686,.0051008989,.01350135,.0015458034,9.9156771,0,27175,10,3,2
QoE,qoe_deprivation_score50,QoE deprivation score,Intensity,1995,-.0155894892348563,-.015663864,.0053782985,.0098009799,-.000074374591,-.47708163,0,27560,10,3,2
QoE,qoe_deprivation_score50,QoE deprivation score,Intensity,1996,-.0155894892348563,-.015154161,.0053691696,.01110111,.00043532782,2.7924442,0,27859,10,3,2
QoE,qoe_deprivation_score50,QoE deprivation score,Intensity,1997,-.0155894892348563,-.015628578,.0050229467,.0018001801,-.000039089315,-.25074148,0,28380,10,3,2
QoE,qoe_deprivation_score50,QoE deprivation score,Intensity,1998,-.0155894892348563,-.016640529,.0057053603,.0027002699,-.0010510397,-6.7419767,0,28822,10,3,2
QoE,qoe_deprivation_score50,QoE deprivation score,Intensity,1999,-.0155894892348563,-.01228297,.0038746851,.0074007399,.0033065192,21.209927,0,29313,10,3,2
QoE,qoe_deprivation_score50,QoE deprivation score,Intensity,2000,-.0155894892348563,-.020991921,.0041896761,.0049004899,-.0054024314,-34.65432,0,29695,10,3,2
QoE,qoe_deprivation_score50,QoE deprivation score,Intensity,2001,-.0155894892348563,-.015936848,.0063676429,.0079007903,-.00034735876,-2.2281599,0,30234,10,3,2
QoE,qoe_deprivation_score50,QoE deprivation score,Intensity,2002,-.0155894892348563,-.014772531,.0056226249,.0072007203,.00081695872,5.2404456,0,30570,10,3,2
QoE,qoe_multidim_deprived50,Multidimensional deprivation,Binary DiD,1992,-.0475631724061054,-.046121884,.018459335,.036603659,.00144129,3.0302646,0,26736,10,4,1
QoE,qoe_multidim_deprived50,Multidimensional deprivation,Binary DiD,1993,-.0475631724061054,-.05147846,.017098432,.018801881,-.0039152894,-8.2317667,0,26766,10,4,1
QoE,qoe_multidim_deprived50,Multidimensional deprivation,Binary DiD,1994,-.0475631724061054,-.038719587,.015754156,.048404839,.0088435849,18.593346,0,27175,10,4,1
QoE,qoe_multidim_deprived50,Multidimensional deprivation,Binary DiD,1995,-.0475631724061054,-.049424965,.017818376,.02760276,-.0018617909,-3.9143541,0,27560,10,4,1
QoE,qoe_multidim_deprived50,Multidimensional deprivation,Binary DiD,1996,-.0475631724061054,-.046979971,.018257119,.034103412,.00058320165,1.2261623,0,27859,10,4,1
QoE,qoe_multidim_deprived50,Multidimensional deprivation,Binary DiD,1997,-.0475631724061054,-.047311395,.021696519,.044904489,.00025177788,.52935469,0,28380,10,4,1
QoE,qoe_multidim_deprived50,Multidimensional deprivation,Binary DiD,1998,-.0475631724061054,-.062854305,.014281747,.0023002301,-.015291131,-32.149097,0,28822,10,4,1
QoE,qoe_multidim_deprived50,Multidimensional deprivation,Binary DiD,1999,-.0475631724061054,-.040886663,.017305318,.054205421,.0066765086,14.037139,0,29313,10,4,1
QoE,qoe_multidim_deprived50,Multidimensional deprivation,Binary DiD,2000,-.0475631724061054,-.051417872,.020207433,.04960496,-.0038546985,-8.1043758,0,29695,10,4,1
QoE,qoe_multidim_deprived50,Multidimensional deprivation,Binary DiD,2001,-.0475631724061054,-.045905832,.018868044,.052405242,.0016573409,3.4845047,0,30234,10,4,1
QoE,qoe_multidim_deprived50,Multidimensional deprivation,Binary DiD,2002,-.0475631724061054,-.042846072,.01715963,.051205121,.0047170981,9.9175434,0,30570,10,4,1
QoE,qoe_multidim_deprived50,Multidimensional deprivation,Intensity,1992,-.0196079289579497,-.019286912,.0087309172,.045904592,.00032101726,1.6371809,0,26736,10,4,2
QoE,qoe_multidim_deprived50,Multidimensional deprivation,Intensity,1993,-.0196079289579497,-.020982809,.0083925929,.023602361,-.0013748799,-7.0118561,0,26766,10,4,2
QoE,qoe_multidim_deprived50,Multidimensional deprivation,Intensity,1994,-.0196079289579497,-.016072381,.0077195778,.058505852,.0035355473,18.031214,0,27175,10,4,2
QoE,qoe_multidim_deprived50,Multidimensional deprivation,Intensity,1995,-.0196079289579497,-.019847522,.008562291,.034003399,-.00023959285,-1.2219182,0,27560,10,4,2
QoE,qoe_multidim_deprived50,Multidimensional deprivation,Intensity,1996,-.0196079289579497,-.018888056,.0085880738,.04350435,.00071987178,3.67133,0,27859,10,4,2
QoE,qoe_multidim_deprived50,Multidimensional deprivation,Intensity,1997,-.0196079289579497,-.019781046,.0078794966,.01420142,-.00017311647,-.88289011,0,28380,10,4,2
QoE,qoe_multidim_deprived50,Multidimensional deprivation,Intensity,1998,-.0196079289579497,-.022390222,.0087520871,.01110111,-.0027822934,-14.189634,0,28822,10,4,2
QoE,qoe_multidim_deprived50,Multidimensional deprivation,Intensity,1999,-.0196079289579497,-.015237623,.0071888496,.044104412,.0043703062,22.288464,0,29313,10,4,2
QoE,qoe_multidim_deprived50,Multidimensional deprivation,Intensity,2000,-.0196079289579497,-.02722517,.0076191304,.044604462,-.0076172422,-38.847767,0,29695,10,4,2
QoE,qoe_multidim_deprived50,Multidimensional deprivation,Intensity,2001,-.0196079289579497,-.020126803,.010075614,.058205821,-.00051887456,-2.6462488,0,30234,10,4,2
QoE,qoe_multidim_deprived50,Multidimensional deprivation,Intensity,2002,-.0196079289579497,-.017040625,.0083911475,.052705269,.0025673034,13.09319,0,30570,10,4,2
QoE,qoe_income_deprivation50,Income deprivation,Binary DiD,1992,-.0508454715139989,-.050395686,.014207086,.0024002399,.00044978509,.8846119,0,26736,10,5,1
QoE,qoe_income_deprivation50,Income deprivation,Binary DiD,1993,-.0508454715139989,-.046539918,.013230594,.0035003501,.0043055532,8.4679184,0,26766,10,5,1
QoE,qoe_income_deprivation50,Income deprivation,Binary DiD,1994,-.0508454715139989,-.048157852,.013671095,.0029002901,.0026876184,5.2858562,0,27175,10,5,1
QoE,qoe_income_deprivation50,Income deprivation,Binary DiD,1995,-.0508454715139989,-.053818922,.013050515,.00190019,-.0029734503,-5.8480144,0,27560,10,5,1
QoE,qoe_income_deprivation50,Income deprivation,Binary DiD,1996,-.0508454715139989,-.051413644,.013897856,.0023002301,-.0005681708,-1.1174462,0,27859,10,5,1
QoE,qoe_income_deprivation50,Income deprivation,Binary DiD,1997,-.0508454715139989,-.05726625,.016998561,.00120012,-.00642078,-12.628027,0,28380,10,5,1
QoE,qoe_income_deprivation50,Income deprivation,Binary DiD,1998,-.0508454715139989,-.060640201,.014339232,.0015001501,-.0097947307,-19.263723,0,28822,10,5,1
QoE,qoe_income_deprivation50,Income deprivation,Binary DiD,1999,-.0508454715139989,-.0437892,.012153253,.00250025,.0070562707,13.877874,0,29313,10,5,1
QoE,qoe_income_deprivation50,Income deprivation,Binary DiD,2000,-.0508454715139989,-.053691272,.016906889,.0040004002,-.0028458005,-5.5969596,0,29695,10,5,1
QoE,qoe_income_deprivation50,Income deprivation,Binary DiD,2001,-.0508454715139989,-.046311889,.013997773,.0039003901,.0045335814,8.9163923,0,30234,10,5,1
QoE,qoe_income_deprivation50,Income deprivation,Binary DiD,2002,-.0508454715139989,-.048279341,.014311861,.0030003001,.002566132,5.0469236,0,30570,10,5,1
QoE,qoe_income_deprivation50,Income deprivation,Intensity,1992,-.0232369895591425,-.023352783,.0072090812,.0046004602,-.00011579321,-.49831417,0,26736,10,5,2
QoE,qoe_income_deprivation50,Income deprivation,Intensity,1993,-.0232369895591425,-.021599775,.0069819768,.0072007203,.0016372141,7.0457234,0,26766,10,5,2
QoE,qoe_income_deprivation50,Income deprivation,Intensity,1994,-.0232369895591425,-.022207078,.0070641553,.0057005701,.0010299119,4.432209,0,27175,10,5,2
QoE,qoe_income_deprivation50,Income deprivation,Intensity,1995,-.0232369895591425,-.024090022,.0071077798,.0042004199,-.00085303216,-3.6710098,0,27560,10,5,2
QoE,qoe_income_deprivation50,Income deprivation,Intensity,1996,-.0232369895591425,-.023183061,.0071562496,.0050005,.000053929343,.23208404,0,27859,10,5,2
QoE,qoe_income_deprivation50,Income deprivation,Intensity,1997,-.0232369895591425,-.023220193,.0067986888,.0018001801,.00001679759,.072288156,0,28380,10,5,2
QoE,qoe_income_deprivation50,Income deprivation,Intensity,1998,-.0232369895591425,-.024498573,.0075653191,.00220022,-.0012615832,-5.4292021,0,28822,10,5,2
QoE,qoe_income_deprivation50,Income deprivation,Intensity,1999,-.0232369895591425,-.019125141,.0056959889,.0078007802,.0041118478,17.695271,0,29313,10,5,2
QoE,qoe_income_deprivation50,Income deprivation,Intensity,2000,-.0232369895591425,-.030772453,.0046206918,.0035003501,-.0075354627,-32.428741,0,29695,10,5,2
QoE,qoe_income_deprivation50,Income deprivation,Intensity,2001,-.0232369895591425,-.021868456,.0080382554,.0084008398,.0013685329,5.8894582,0,30234,10,5,2
QoE,qoe_income_deprivation50,Income deprivation,Intensity,2002,-.0232369895591425,-.022720423,.0077103288,.0054005398,.0005165672,2.2230384,0,30570,10,5,2
QoE,qoe_stability_deprivation,Stability deprivation,Binary DiD,1992,-.0196602694053613,-.019030362,.011464675,.1250125,.00062990643,3.2039561,0,26736,10,6,1
QoE,qoe_stability_deprivation,Stability deprivation,Binary DiD,1993,-.0196602694053613,-.022198474,.01064631,.055105511,-.0025382042,-12.910323,0,26766,10,6,1
QoE,qoe_stability_deprivation,Stability deprivation,Binary DiD,1994,-.0196602694053613,-.013414508,.0093558393,.17361736,.0062457616,31.768444,0,27175,10,6,1
QoE,qoe_stability_deprivation,Stability deprivation,Binary DiD,1995,-.0196602694053613,-.020922307,.011196603,.090809084,-.0012620377,-6.419229,0,27560,10,6,1
QoE,qoe_stability_deprivation,Stability deprivation,Binary DiD,1996,-.0196602694053613,-.019520193,.011438068,.11841184,.00014007599,.71248257,0,27859,10,6,1
QoE,qoe_stability_deprivation,Stability deprivation,Binary DiD,1997,-.0196602694053613,-.019870015,.01336057,.17361736,-.00020974495,-1.0668467,0,28380,10,6,1
QoE,qoe_stability_deprivation,Stability deprivation,Binary DiD,1998,-.0196602694053613,-.026876736,.010897391,.041404139,-.007216468,-36.705845,0,28822,10,6,1
QoE,qoe_stability_deprivation,Stability deprivation,Binary DiD,1999,-.0196602694053613,-.01572649,.01042943,.17131713,.0039337799,20.00878,0,29313,10,6,1
QoE,qoe_stability_deprivation,Stability deprivation,Binary DiD,2000,-.0196602694053613,-.02309965,.012013049,.085108511,-.0034393803,-17.494066,0,29695,10,6,1
QoE,qoe_stability_deprivation,Stability deprivation,Binary DiD,2001,-.0196602694053613,-.020743113,.011732349,.10481048,-.0010828428,-5.5077724,0,30234,10,6,1
QoE,qoe_stability_deprivation,Stability deprivation,Binary DiD,2002,-.0196602694053613,-.015304256,.0095857959,.16431643,.0043560127,22.156425,0,30570,10,6,1
QoE,qoe_stability_deprivation,Stability deprivation,Intensity,1992,-.0072890926126739,-.0073235496,.0063586966,.29852986,-.000034456836,-.47271779,0,26736,10,6,2
QoE,qoe_stability_deprivation,Stability deprivation,Intensity,1993,-.0072890926126739,-.0082470831,.006199915,.2209221,-.00095799059,-13.142796,0,26766,10,6,2
QoE,qoe_stability_deprivation,Stability deprivation,Intensity,1994,-.0072890926126739,-.0048361029,.0056877341,.41364136,.0024529896,33.652882,0,27175,10,6,2
QoE,qoe_stability_deprivation,Stability deprivation,Intensity,1995,-.0072890926126739,-.0074808113,.0062951022,.27432743,-.00019171882,-2.6302152,0,27560,10,6,2
QoE,qoe_stability_deprivation,Stability deprivation,Intensity,1996,-.0072890926126739,-.0069200983,.0063001863,.31703171,.00036899408,5.0622773,0,27859,10,6,2
QoE,qoe_stability_deprivation,Stability deprivation,Intensity,1997,-.0072890926126739,-.0075409287,.0058992095,.2469247,-.00025183597,-3.4549701,0,28380,10,6,2
QoE,qoe_stability_deprivation,Stability deprivation,Intensity,1998,-.0072890926126739,-.0086660031,.0065224031,.23582359,-.0013769103,-18.890009,0,28822,10,6,2
QoE,qoe_stability_deprivation,Stability deprivation,Intensity,1999,-.0072890926126739,-.0044577573,.0056853141,.54175419,.0028313352,38.843452,0,29313,10,6,2
QoE,qoe_stability_deprivation,Stability deprivation,Intensity,2000,-.0072890926126739,-.012402554,.0062055658,.15311532,-.0051134611,-70.152229,0,29695,10,6,2
QoE,qoe_stability_deprivation,Stability deprivation,Intensity,2001,-.0072890926126739,-.0090363547,.0073318491,.28572857,-.001747262,-23.970911,0,30234,10,6,2
QoE,qoe_stability_deprivation,Stability deprivation,Intensity,2002,-.0072890926126739,-.0042880573,.0054330104,.52875286,.0030010352,41.171589,0,30570,10,6,2
QoE,qoe_conditions_deprivation,Conditions deprivation,Binary DiD,1992,-.0402424354546395,-.036862917,.0096538272,.0040004002,.0033795198,8.3979006,0,26736,10,7,1
QoE,qoe_conditions_deprivation,Conditions deprivation,Binary DiD,1993,-.0402424354546395,-.04603814,.0064616506,.0010001,-.0057957051,-14.401975,0,26766,10,7,1
QoE,qoe_conditions_deprivation,Conditions deprivation,Binary DiD,1994,-.0402424354546395,-.037788317,.0095821982,.00620062,.0024541186,6.0983348,0,27175,10,7,1
QoE,qoe_conditions_deprivation,Conditions deprivation,Binary DiD,1995,-.0402424354546395,-.038977675,.009620361,.00630063,.0012647592,3.1428494,0,27560,10,7,1
QoE,qoe_conditions_deprivation,Conditions deprivation,Binary DiD,1996,-.0402424354546395,-.038818303,.0095111942,.0061006099,.0014241332,3.5388842,0,27859,10,7,1
QoE,qoe_conditions_deprivation,Conditions deprivation,Binary DiD,1997,-.0402424354546395,-.041159291,.010598948,.00560056,-.00091685384,-2.2783258,0,28380,10,7,1
QoE,qoe_conditions_deprivation,Conditions deprivation,Binary DiD,1998,-.0402424354546395,-.045987729,.0084079076,.0048004799,-.0057452945,-14.276707,0,28822,10,7,1
QoE,qoe_conditions_deprivation,Conditions deprivation,Binary DiD,1999,-.0402424354546395,-.035541654,.0075743236,.0064006401,.0047007808,11.681154,0,29313,10,7,1
QoE,qoe_conditions_deprivation,Conditions deprivation,Binary DiD,2000,-.0402424354546395,-.041330807,.0098850867,.0052005202,-.0010883722,-2.7045386,0,29695,10,7,1
QoE,qoe_conditions_deprivation,Conditions deprivation,Binary DiD,2001,-.0402424354546395,-.039555416,.0093907947,.00560056,.00068701862,1.7071995,0,30234,10,7,1
QoE,qoe_conditions_deprivation,Conditions deprivation,Binary DiD,2002,-.0402424354546395,-.040558081,.0092805773,.0042004199,-.00031564478,-.78435808,0,30570,10,7,1
QoE,qoe_conditions_deprivation,Conditions deprivation,Intensity,1992,-.0162423855328099,-.014792302,.0048258542,.01280128,.0014500835,8.9277744,0,26736,10,7,2
QoE,qoe_conditions_deprivation,Conditions deprivation,Intensity,1993,-.0162423855328099,-.018217422,.0042371103,.0047004703,-.0019750374,-12.159774,0,26766,10,7,2
QoE,qoe_conditions_deprivation,Conditions deprivation,Intensity,1994,-.0162423855328099,-.015087877,.0047743265,.01410141,.0011545086,7.1079984,0,27175,10,7,2
QoE,qoe_conditions_deprivation,Conditions deprivation,Intensity,1995,-.0162423855328099,-.015420758,.0048154886,.01360136,.00082162721,5.058538,0,27560,10,7,2
QoE,qoe_conditions_deprivation,Conditions deprivation,Intensity,1996,-.0162423855328099,-.015359325,.0047602924,.01360136,.00088305998,5.4367628,0,27859,10,7,2
QoE,qoe_conditions_deprivation,Conditions deprivation,Intensity,1997,-.0162423855328099,-.016124615,.004314668,.00620062,.00011777043,.72508091,0,28380,10,7,2
QoE,qoe_conditions_deprivation,Conditions deprivation,Intensity,1998,-.0162423855328099,-.016757011,.0048569636,.0072007203,-.00051462575,-3.1684124,0,28822,10,7,2
QoE,qoe_conditions_deprivation,Conditions deprivation,Intensity,1999,-.0162423855328099,-.013266011,.0031209118,.01270127,.0029763742,18.324736,0,29313,10,7,2
QoE,qoe_conditions_deprivation,Conditions deprivation,Intensity,2000,-.0162423855328099,-.019800756,.0047871098,.0084008398,-.0035583705,-21.90793,0,29695,10,7,2
QoE,qoe_conditions_deprivation,Conditions deprivation,Intensity,2001,-.0162423855328099,-.016905732,.0054145101,.01040104,-.00066334713,-4.0840497,0,30234,10,7,2
QoE,qoe_conditions_deprivation,Conditions deprivation,Intensity,2002,-.0162423855328099,-.017309112,.0050108954,.01030103,-.0010667263,-6.5675468,0,30570,10,7,2
