occupation_code,occ_qoe_score_pre_n,occ_qoe_score_raw,occ_qoe_score_adjusted,occ_qoe_income_pre_n,occ_qoe_income_raw,occ_qoe_income_adjusted,occ_qoe_stability_pre_n,occ_qoe_stability_raw,occ_qoe_stability_adjusted,occ_qoe_conditions_pre_n,occ_qoe_conditions_raw,occ_qoe_conditions_adjusted
Managers,117,.1021889211547912,-.0291751187606136,117,0,-.0735600234659898,117,.0807151131164139,-.0826241418768159,117,.2258516503479595,.0686588090609647
Professionals and related workers,8075,.1126943214851504,-.0496539424715474,8075,.0481707558943538,-.0524532687476664,8075,.1726371829508974,-.0393365015714442,8075,.1172750256102003,-.0571720570955295
Clerical support workers,7853,.0720006671205956,-.0792617678237054,7853,.0301142467628533,-.0596302150325962,7853,.1173723649430882,-.0766110676835408,7853,.0685153896558453,-.1015440207549792
Service workers,2755,.3885800910790024,.2001537905233213,2755,.3239453791876848,.2159837908163539,2755,.4203064058999942,.1682379992658086,2755,.4214884881493296,.2162395814878047
Sales workers,2703,.3209480565129255,.1377209707501725,2703,.2241773040197718,.1201665738235442,2703,.3676853860352433,.1239261575386906,2703,.3709814794837611,.1690701808882839
"Skilled agricultural, forestry and fishery workers",41,.2477923749874718,.0924874887018238,41,0,-.0812109345277831,41,.2967451098849968,.0945630635176621,41,.4466320150774185,.2641103371155924
Craft and related trades workers,1623,.1365882614961834,-.0278876987486151,1623,.0148071015679857,-.0659501205155553,1623,.1908223385908546,-.024705769184902,1623,.2041353443297094,.006992793454612
Plant and machine operators and assemblers,2787,.1061427589084495,-.0539899733008518,2787,.0145047650910107,-.0579002558616273,2787,.1446957979786126,-.0639949823362636,2787,.1592277136557258,-.0400746817046643
Elementary occupations,1869,.3505018639341959,.1515550960602196,1869,.2252923843969689,.1262989810742323,1869,.4476279662394438,.1792903993725232,1869,.3785852411661763,.1490759077339024
