occupation_code,occupation_wage_raw,occupation_wage_adjusted,occupation_pre_n
Managers,.4297638391962388,.1785917730356778,113
Professionals and related workers,.2766083985398298,.0978684887471009,7923
Clerical support workers,.2175425350294939,.0473404968625535,7777
Service workers,-.2255758793009128,-.2516330647106921,2746
Sales workers,-.1483178045916236,-.1882810563567791,2666
"Skilled agricultural, forestry and fishery workers",.1026123260639974,-.0092956976216427,41
Craft and related trades workers,.1297188247533146,.0754230190795547,1725
Plant and machine operators and assemblers,.1729777532263981,.1075512976489448,2767
Elementary occupations,-.2332540969031807,-.1958974557221153,1996
